{
  "ae2:charger": null,
  "ae2:crafting_monitor": null,
  "ae2:debug": null,
  "ae2:grid_node_state": null,
  "ae2:part_icon": null,
  "ae2:part_mod_name": null,
  "ae2:part_name": null,
  "ae2:part_tooltip": null,
  "ae2:pattern_provider": null,
  "ae2:power_storage": null,
  "ae2:server_data": null,
  "ars_nouveau:mob_jar": null,
  "balm:jade": null,
  "corpse:corpse": null,
  "easy_villagers:breeder": null,
  "easy_villagers:converter": null,
  "easy_villagers:villager": null,
  "jade:block_face": null,
  "jade:distance": null,
  "jade:mod_name": null,
  "jade:object_name": null,
  "jade:registry_name": null,
  "jadeaddons.create:backtank_capacity": null,
  "jadeaddons.create:blaze_burner": null,
  "jadeaddons.create:contraption_inv": null,
  "jadeaddons.create:crafting_blueprint": null,
  "jadeaddons.create:exact_block": null,
  "jadeaddons.create:filter": null,
  "jadeaddons.create:goggles": null,
  "jadeaddons.create:hide_boiler_tanks": null,
  "jadeaddons.create:package": null,
  "jadeaddons.create:placard": null,
  "jadeaddons.create:table_cloth": null,
  "jadeaddons.lootr:info": null,
  "jadeaddons.lootr:inventory": null,
  "jadecolonies:colony.citizens": null,
  "jadecolonies:colony.colonist": null,
  "jadecolonies:colony.hut": null,
  "jadecolonies:colony.pack": null,
  "jadecolonies:colony.visitor_cost": null,
  "jadecolonies:domum.materials": null,
  "minecraft:animal_owner": null,
  "minecraft:armor_stand": null,
  "minecraft:beehive": null,
  "minecraft:block_display": null,
  "minecraft:block_states": null,
  "minecraft:brewing_stand": null,
  "minecraft:campfire": null,
  "minecraft:chicken_egg": null,
  "minecraft:chiseled_bookshelf": null,
  "minecraft:command_block": null,
  "minecraft:crop_progress": null,
  "minecraft:enchantment_power": null,
  "minecraft:energy_storage": null,
  "minecraft:entity_armor": null,
  "minecraft:entity_health": null,
  "minecraft:falling_block": null,
  "minecraft:fluid_storage": null,
  "minecraft:furnace": null,
  "minecraft:harvest_tool": null,
  "minecraft:horse_stats": null,
  "minecraft:item_ber": null,
  "minecraft:item_display": null,
  "minecraft:item_frame": null,
  "minecraft:item_storage": null,
  "minecraft:item_tooltip": null,
  "minecraft:jukebox": null,
  "minecraft:lectern": null,
  "minecraft:mob_breeding": null,
  "minecraft:mob_growth": null,
  "minecraft:mob_spawner": null,
  "minecraft:note_block": null,
  "minecraft:painting": null,
  "minecraft:player_head": null,
  "minecraft:potion_effects": null,
  "minecraft:progress": null,
  "minecraft:redstone": null,
  "minecraft:tnt_stability": null,
  "minecraft:total_enchantment_power": null,
  "minecraft:villager_profession": null,
  "minecraft:waxed": null,
  "minecraft:zombie_villager": null,
  "waystones:waystone": null
}