{
  "feature": "create:striated_ores_overworld",
  "placement": [
    {
      "type": "minecraft:rarity_filter",
      "chance": 18
    },
    {
      "type": "minecraft:in_square"
    },
    {
      "type": "minecraft:height_range",
      "height": {
        "type": "minecraft:uniform",
        "max_inclusive": {
          "absolute": 1148
        },
        "min_inclusive": {
          "absolute": -30
        }
      }
    },
    {
      "type": "create:config_filter"
    }
  ]
}