{
  "feature": "minecraft:ore_diamond_buried",
  "placement": [
    {
      "type": "minecraft:count",
      "count": 4
    },
    {
      "type": "minecraft:in_square"
    },
    {
      "type": "minecraft:height_range",
      "height": {
        "type": "minecraft:trapezoid",
        "max_inclusive": {
          "above_bottom": 664
        },
        "min_inclusive": {
          "above_bottom": -80
        }
      },
      "min_inclusive": {
        "above_bottom": -80
      },
      "max_inclusive": {
        "above_bottom": 664
      }
    },
    {
      "type": "minecraft:biome"
    }
  ]
}