{
  "feature": "minecraft:ore_diamond_large",
  "placement": [
    {
      "type": "minecraft:rarity_filter",
      "chance": 12
    },
    {
      "type": "minecraft:in_square"
    },
    {
      "type": "minecraft:height_range",
      "height": {
        "type": "minecraft:trapezoid",
        "max_inclusive": {
          "above_bottom": 1064
        },
        "min_inclusive": {
          "above_bottom": -80
        }
      },
      "min_inclusive": {
        "above_bottom": 64
      },
      "max_inclusive": {
        "above_bottom": 1064
      }
    },
    {
      "type": "minecraft:biome"
    }
  ]
}