{
  "feature": "minecraft:ore_diorite",
  "placement": [
    {
      "type": "minecraft:count",
      "count": 2
    },
    {
      "type": "minecraft:in_square"
    },
    {
      "type": "minecraft:height_range",
      "height": {
        "type": "minecraft:uniform",
        "max_inclusive": {
          "absolute": 500
        },
        "min_inclusive": {
          "absolute": 0
        }
      },
      "min_inclusive": {
        "absolute": 0
      },
      "max_inclusive": {
        "absolute": 500
      }
    },
    {
      "type": "minecraft:biome"
    }
  ]
}