{
  "feature": "minecraft:ore_coal",
  "placement": [
    {
      "type": "minecraft:count",
      "count": 30
    },
    {
      "type": "minecraft:in_square"
    },
    {
      "type": "minecraft:height_range",
      "height": {
        "type": "minecraft:uniform",
        "max_inclusive": {
          "below_top": -50
        },
        "min_inclusive": {
          "absolute": 136
        }
      },
      "min_inclusive": {
        "absolute": 136
      },
      "max_inclusive": {
        "below_top": -50
      }
    },
    {
      "type": "minecraft:biome"
    }
  ]
}